metric,node_order,node_order_0,node_order_1,node_order_2,node_order_3
TP,337.0,41,106,122,3
FP,343.0,82,168,138,20
FN,58.0,13,53,49,8
Precision,0.49558823529411766,0.3333333333333333,0.38686131386861317,0.46923076923076923,0.13043478260869565
Recall,0.8531645569620253,0.7592592592592593,0.6666666666666666,0.7134502923976608,0.2727272727272727
CD,0.021993709609309596,,,,
