file_name,TP,FP,FN,Precision,Recall,TP_0,FP_0,FN_0,TP_1,FP_1,FN_1,TP_2,FP_2,FN_2,TP_3,FP_3,FN_3,CD,TP_edges,FP_edges,FN_edges,Precision_edges,Recall_edges,gt_int_length_MAE,gt_int_length_MSE,gt_int_length_RMSE,gt_int_length_MAPE,gt_ph_angle_MAE,gt_ph_angle_MSE,gt_ph_angle_RMSE,gt_ph_angle_MAPE,gt_br_angle_MAE,gt_br_angle_MSE,gt_br_angle_RMSE,gt_br_angle_MAPE
Harvest_01_PotNr_179_skeleton,63,58,13,0.5206611570247934,0.8289473684210527,10,15,1,23,21,8,23,24,11,0,5,0,0.021289875708674334,56,64,19,0,0,0.007971447313998088,7.203040551614241e-05,0.008487072847345097,11.243580328136998,10.665849720353663,145.23485613535036,12.05134250344543,6.172156259690536,10.454248800551875,135.7608253587065,11.651644749077553,17.738377110921704
Harvest_01_PotNr_429_skeleton,64,91,3,0.4129032258064516,0.9552238805970149,6,21,3,18,51,10,22,33,7,1,3,0,0.01725701997567667,63,91,3,0,0,0.0029706136340735823,8.824545362943855e-06,0.0029706136340735823,14.853068170367912,6.848266238414453,46.89875047220725,6.848266238414453,4.891618741724609,18.1230107201784,328.44351756370116,18.1230107201784,22.940519898959998
Harvest_02_PotNr_27_skeleton,66,50,10,0.5689655172413793,0.868421052631579,8,17,3,22,23,11,20,21,12,0,5,0,0.020192593099824498,57,58,18,0,0,,,,,,,,,,,,
Harvest_02_PotNr_166_skeleton,77,86,18,0.4723926380368098,0.8105263157894737,8,16,3,23,49,10,31,29,12,2,5,6,0.0197740116426447,73,89,21,0,0,,,,,,,,,,,,
Harvest_02_PotNr_240_skeleton,67,58,14,0.536,0.8271604938271605,9,13,3,20,24,14,26,31,7,0,2,2,0.03145504761972777,58,66,22,0,0,,,,,,,,,,,,
